{"cameraMode":{"drawMode":0,"name":"Shaded","section":"Shading Mode"},"sceneLighting":true,"audioPlay":false,"sceneViewState":{"showFog":true,"showMaterialUpdate":false,"showSkybox":true,"showFlares":true,"showImageEffects":true,"showParticleSystems":true},"in2DMode":false,"pivot":{"x":-13.612895965576172,"y":-19.115108489990236,"z":-2.5640780925750734},"rotation":{"x":-0.29493826627731326,"y":0.6432667374610901,"z":-0.2956465780735016,"w":-0.6417268514633179},"size":60.78141403198242,"orthographic":false}