{"cameraMode":{"drawMode":0,"name":"Shaded","section":"Shading Mode"},"sceneLighting":true,"audioPlay":false,"sceneViewState":{"showFog":true,"showMaterialUpdate":false,"showSkybox":true,"showFlares":true,"showImageEffects":true,"showParticleSystems":true},"in2DMode":false,"pivot":{"x":-82.60206604003906,"y":-20.49321174621582,"z":-18.065826416015626},"rotation":{"x":-0.08180390298366547,"y":0.7185630798339844,"z":-0.0857762023806572,"w":-0.6852872371673584},"size":206.77613830566407,"orthographic":false}